,ALDE,ECR,EFDD,GUE/NGL,NI,PPE,S&D,Verts/ALE
ALDE,1.0,0.9117647058823529,0.11764705882352941,0.08823529411764706,0.7941176470588235,0.9411764705882353,0.17647058823529413,0.14705882352941177
ECR,0.9117647058823529,1.0,0.08823529411764706,0.058823529411764705,0.7647058823529411,0.9411764705882353,0.08823529411764706,0.058823529411764705
EFDD,0.11764705882352941,0.08823529411764706,1.0,0.9117647058823529,0.08823529411764706,0.08823529411764706,0.9117647058823529,0.9411764705882353
GUE/NGL,0.08823529411764706,0.058823529411764705,0.9117647058823529,1.0,0.058823529411764705,0.029411764705882353,0.8823529411764706,0.9117647058823529
NI,0.7941176470588235,0.7647058823529411,0.08823529411764706,0.058823529411764705,1.0,0.7941176470588235,0.058823529411764705,0.08823529411764706
PPE,0.9411764705882353,0.9411764705882353,0.08823529411764706,0.029411764705882353,0.7941176470588235,1.0,0.11764705882352941,0.08823529411764706
S&D,0.17647058823529413,0.08823529411764706,0.9117647058823529,0.8823529411764706,0.058823529411764705,0.11764705882352941,1.0,0.9705882352941176
Verts/ALE,0.14705882352941177,0.058823529411764705,0.9411764705882353,0.9117647058823529,0.08823529411764706,0.08823529411764706,0.9705882352941176,1.0
