,ALDE,ECR,EFDD,ENF,GUE/NGL,NI,PPE,S&D,Verts/ALE
ALDE,1.0,1.0,0.0,0.23076923076923078,0.0,0.11538461538461539,1.0,1.0,0.0
ECR,1.0,1.0,0.0,0.23076923076923078,0.0,0.11538461538461539,1.0,1.0,0.0
EFDD,0.0,0.0,1.0,0.7692307692307693,1.0,0.6153846153846154,0.0,0.0,1.0
ENF,0.23076923076923078,0.23076923076923078,0.7692307692307693,1.0,0.7692307692307693,0.6923076923076923,0.23076923076923078,0.23076923076923078,0.7692307692307693
GUE/NGL,0.0,0.0,1.0,0.7692307692307693,1.0,0.6153846153846154,0.0,0.0,1.0
NI,0.11538461538461539,0.11538461538461539,0.6153846153846154,0.6923076923076923,0.6153846153846154,1.0,0.11538461538461539,0.11538461538461539,0.6153846153846154
PPE,1.0,1.0,0.0,0.23076923076923078,0.0,0.11538461538461539,1.0,1.0,0.0
S&D,1.0,1.0,0.0,0.23076923076923078,0.0,0.11538461538461539,1.0,1.0,0.0
Verts/ALE,0.0,0.0,1.0,0.7692307692307693,1.0,0.6153846153846154,0.0,0.0,1.0
