,ALDE,ECR,EFDD,GUE/NGL,NI,PPE,S&D,Verts/ALE
ALDE,1.0,0.9354838709677419,0.06451612903225806,0.0967741935483871,0.8064516129032258,0.9354838709677419,0.12903225806451613,0.0967741935483871
ECR,0.9354838709677419,1.0,0.06451612903225806,0.03225806451612903,0.7741935483870968,0.967741935483871,0.06451612903225806,0.03225806451612903
EFDD,0.06451612903225806,0.06451612903225806,1.0,0.967741935483871,0.06451612903225806,0.03225806451612903,0.9032258064516129,0.9354838709677419
GUE/NGL,0.0967741935483871,0.03225806451612903,0.967741935483871,1.0,0.06451612903225806,0.03225806451612903,0.9354838709677419,0.967741935483871
NI,0.8064516129032258,0.7741935483870968,0.06451612903225806,0.06451612903225806,1.0,0.8064516129032258,0.03225806451612903,0.06451612903225806
PPE,0.9354838709677419,0.967741935483871,0.03225806451612903,0.03225806451612903,0.8064516129032258,1.0,0.06451612903225806,0.03225806451612903
S&D,0.12903225806451613,0.06451612903225806,0.9032258064516129,0.9354838709677419,0.03225806451612903,0.06451612903225806,1.0,0.967741935483871
Verts/ALE,0.0967741935483871,0.03225806451612903,0.9354838709677419,0.967741935483871,0.06451612903225806,0.03225806451612903,0.967741935483871,1.0
