,ALDE,ECR,EFDD,ENF,GUE/NGL,NI,PPE,S&D,Verts/ALE
ALDE,1.0,0.782608695652174,0.06521739130434782,0.0,0.06521739130434782,0.6956521739130435,0.9565217391304348,0.41304347826086957,0.13043478260869565
ECR,0.782608695652174,1.0,0.1956521739130435,0.38461538461538464,0.17391304347826086,0.8043478260869565,0.8043478260869565,0.1956521739130435,0.13043478260869565
EFDD,0.06521739130434782,0.1956521739130435,1.0,0.7692307692307693,0.9347826086956522,0.21739130434782608,0.043478260869565216,0.6304347826086957,0.8043478260869565
ENF,0.0,0.38461538461538464,0.7692307692307693,1.0,0.8461538461538461,0.46153846153846156,0.0,0.0,0.5384615384615384
GUE/NGL,0.06521739130434782,0.17391304347826086,0.9347826086956522,0.8461538461538461,1.0,0.21739130434782608,0.021739130434782608,0.6304347826086957,0.8478260869565217
NI,0.6956521739130435,0.8043478260869565,0.21739130434782608,0.46153846153846156,0.21739130434782608,1.0,0.6956521739130435,0.17391304347826086,0.17391304347826086
PPE,0.9565217391304348,0.8043478260869565,0.043478260869565216,0.0,0.021739130434782608,0.6956521739130435,1.0,0.3695652173913043,0.08695652173913043
S&D,0.41304347826086957,0.1956521739130435,0.6304347826086957,0.0,0.6304347826086957,0.17391304347826086,0.3695652173913043,1.0,0.717391304347826
Verts/ALE,0.13043478260869565,0.13043478260869565,0.8043478260869565,0.5384615384615384,0.8478260869565217,0.17391304347826086,0.08695652173913043,0.717391304347826,1.0
