,ALDE,ECR,EFDD,GUE/NGL,NI,PPE,S&D,Verts/ALE
ALDE,1.0,0.9354838709677419,0.0967741935483871,0.12903225806451613,0.8387096774193549,0.9354838709677419,0.12903225806451613,0.12903225806451613
ECR,0.9354838709677419,1.0,0.0967741935483871,0.06451612903225806,0.8064516129032258,0.967741935483871,0.06451612903225806,0.06451612903225806
EFDD,0.0967741935483871,0.0967741935483871,1.0,0.967741935483871,0.06451612903225806,0.06451612903225806,0.9354838709677419,0.9354838709677419
GUE/NGL,0.12903225806451613,0.06451612903225806,0.967741935483871,1.0,0.06451612903225806,0.06451612903225806,0.967741935483871,0.967741935483871
NI,0.8387096774193549,0.8064516129032258,0.06451612903225806,0.06451612903225806,1.0,0.8387096774193549,0.06451612903225806,0.06451612903225806
PPE,0.9354838709677419,0.967741935483871,0.06451612903225806,0.06451612903225806,0.8387096774193549,1.0,0.06451612903225806,0.06451612903225806
S&D,0.12903225806451613,0.06451612903225806,0.9354838709677419,0.967741935483871,0.06451612903225806,0.06451612903225806,1.0,1.0
Verts/ALE,0.12903225806451613,0.06451612903225806,0.9354838709677419,0.967741935483871,0.06451612903225806,0.06451612903225806,1.0,1.0
