,ALDE,ECR,EFDD,ENF,GUE/NGL,NI,PPE,S&D,Verts/ALE
ALDE,1.0,1.0,0.0,0.0,0.09090909090909091,0.18181818181818182,1.0,1.0,0.45454545454545453
ECR,1.0,1.0,0.0,0.0,0.09090909090909091,0.18181818181818182,1.0,1.0,0.45454545454545453
EFDD,0.0,0.0,1.0,1.0,0.8181818181818182,0.8181818181818182,0.0,0.0,0.09090909090909091
ENF,0.0,0.0,1.0,1.0,0.8181818181818182,0.8181818181818182,0.0,0.0,0.09090909090909091
GUE/NGL,0.09090909090909091,0.09090909090909091,0.8181818181818182,0.8181818181818182,1.0,0.6363636363636364,0.09090909090909091,0.09090909090909091,0.18181818181818182
NI,0.18181818181818182,0.18181818181818182,0.8181818181818182,0.8181818181818182,0.6363636363636364,1.0,0.18181818181818182,0.18181818181818182,0.0
PPE,1.0,1.0,0.0,0.0,0.09090909090909091,0.18181818181818182,1.0,1.0,0.45454545454545453
S&D,1.0,1.0,0.0,0.0,0.09090909090909091,0.18181818181818182,1.0,1.0,0.45454545454545453
Verts/ALE,0.45454545454545453,0.45454545454545453,0.09090909090909091,0.09090909090909091,0.18181818181818182,0.0,0.45454545454545453,0.45454545454545453,1.0
