,ALDE,ECR,EFDD,ENF,GUE/NGL,NI,PPE,S&D,Verts/ALE
ALDE,1.0,0.9230769230769231,0.07692307692307693,0.08333333333333333,0.15384615384615385,0.15384615384615385,1.0,1.0,0.46153846153846156
ECR,0.9230769230769231,1.0,0.0,0.0,0.07692307692307693,0.23076923076923078,0.9230769230769231,0.9230769230769231,0.5384615384615384
EFDD,0.07692307692307693,0.0,1.0,1.0,0.8461538461538461,0.6923076923076923,0.07692307692307693,0.07692307692307693,0.07692307692307693
ENF,0.08333333333333333,0.0,1.0,1.0,0.8333333333333334,0.75,0.08333333333333333,0.08333333333333333,0.08333333333333333
GUE/NGL,0.15384615384615385,0.07692307692307693,0.8461538461538461,0.8333333333333334,1.0,0.5384615384615384,0.15384615384615385,0.15384615384615385,0.15384615384615385
NI,0.15384615384615385,0.23076923076923078,0.6923076923076923,0.75,0.5384615384615384,1.0,0.15384615384615385,0.15384615384615385,0.07692307692307693
PPE,1.0,0.9230769230769231,0.07692307692307693,0.08333333333333333,0.15384615384615385,0.15384615384615385,1.0,1.0,0.46153846153846156
S&D,1.0,0.9230769230769231,0.07692307692307693,0.08333333333333333,0.15384615384615385,0.15384615384615385,1.0,1.0,0.46153846153846156
Verts/ALE,0.46153846153846156,0.5384615384615384,0.07692307692307693,0.08333333333333333,0.15384615384615385,0.07692307692307693,0.46153846153846156,0.46153846153846156,1.0
