,ALDE,ECR,EFDD,ENF,GUE/NGL,NI,PPE,S&D,Verts/ALE
ALDE,1.0,1.0,0.07692307692307693,0.07692307692307693,0.15384615384615385,0.23076923076923078,1.0,1.0,0.5384615384615384
ECR,1.0,1.0,0.07692307692307693,0.07692307692307693,0.15384615384615385,0.23076923076923078,1.0,1.0,0.5384615384615384
EFDD,0.07692307692307693,0.07692307692307693,1.0,1.0,0.7692307692307693,0.8461538461538461,0.07692307692307693,0.07692307692307693,0.15384615384615385
ENF,0.07692307692307693,0.07692307692307693,1.0,1.0,0.7692307692307693,0.8461538461538461,0.07692307692307693,0.07692307692307693,0.15384615384615385
GUE/NGL,0.15384615384615385,0.15384615384615385,0.7692307692307693,0.7692307692307693,1.0,0.6153846153846154,0.15384615384615385,0.15384615384615385,0.23076923076923078
NI,0.23076923076923078,0.23076923076923078,0.8461538461538461,0.8461538461538461,0.6153846153846154,1.0,0.23076923076923078,0.23076923076923078,0.07692307692307693
PPE,1.0,1.0,0.07692307692307693,0.07692307692307693,0.15384615384615385,0.23076923076923078,1.0,1.0,0.5384615384615384
S&D,1.0,1.0,0.07692307692307693,0.07692307692307693,0.15384615384615385,0.23076923076923078,1.0,1.0,0.5384615384615384
Verts/ALE,0.5384615384615384,0.5384615384615384,0.15384615384615385,0.15384615384615385,0.23076923076923078,0.07692307692307693,0.5384615384615384,0.5384615384615384,1.0
