,ALDE,ECR,EFDD,ENF,GUE/NGL,NI,PPE,S&D,Verts/ALE
ALDE,1.0,0.8666666666666667,0.13333333333333333,0.13333333333333333,0.13333333333333333,0.6,0.8666666666666667,0.7333333333333333,0.13333333333333333
ECR,0.8666666666666667,1.0,0.0,0.0,0.0,0.4666666666666667,1.0,0.8666666666666667,0.0
EFDD,0.13333333333333333,0.0,1.0,0.6,0.8,0.4,0.0,0.13333333333333333,0.8
ENF,0.13333333333333333,0.0,0.6,1.0,0.8,0.5333333333333333,0.0,0.13333333333333333,0.8
GUE/NGL,0.13333333333333333,0.0,0.8,0.8,1.0,0.5333333333333333,0.0,0.13333333333333333,1.0
NI,0.6,0.4666666666666667,0.4,0.5333333333333333,0.5333333333333333,1.0,0.4666666666666667,0.4666666666666667,0.5333333333333333
PPE,0.8666666666666667,1.0,0.0,0.0,0.0,0.4666666666666667,1.0,0.8666666666666667,0.0
S&D,0.7333333333333333,0.8666666666666667,0.13333333333333333,0.13333333333333333,0.13333333333333333,0.4666666666666667,0.8666666666666667,1.0,0.13333333333333333
Verts/ALE,0.13333333333333333,0.0,0.8,0.8,1.0,0.5333333333333333,0.0,0.13333333333333333,1.0
