,ALDE,ECR,EFDD,ENF,GUE/NGL,NI,PPE,S&D,Verts/ALE
ALDE,1.0,1.0,0.0,0.0,0.08333333333333333,0.16666666666666666,1.0,1.0,0.5
ECR,1.0,1.0,0.0,0.0,0.08333333333333333,0.16666666666666666,1.0,1.0,0.5
EFDD,0.0,0.0,1.0,1.0,0.75,0.8333333333333334,0.0,0.0,0.08333333333333333
ENF,0.0,0.0,1.0,1.0,0.75,0.8333333333333334,0.0,0.0,0.08333333333333333
GUE/NGL,0.08333333333333333,0.08333333333333333,0.75,0.75,1.0,0.5833333333333334,0.08333333333333333,0.08333333333333333,0.16666666666666666
NI,0.16666666666666666,0.16666666666666666,0.8333333333333334,0.8333333333333334,0.5833333333333334,1.0,0.16666666666666666,0.16666666666666666,0.0
PPE,1.0,1.0,0.0,0.0,0.08333333333333333,0.16666666666666666,1.0,1.0,0.5
S&D,1.0,1.0,0.0,0.0,0.08333333333333333,0.16666666666666666,1.0,1.0,0.5
Verts/ALE,0.5,0.5,0.08333333333333333,0.08333333333333333,0.16666666666666666,0.0,0.5,0.5,1.0
