,ALDE,ECR,EFDD,ENF,GUE/NGL,NI,PPE,S&D,Verts/ALE
ALDE,1.0,1.0,0.07142857142857142,0.2857142857142857,0.07142857142857142,0.10714285714285714,1.0,1.0,0.07142857142857142
ECR,1.0,1.0,0.07142857142857142,0.2857142857142857,0.07142857142857142,0.10714285714285714,1.0,1.0,0.07142857142857142
EFDD,0.07142857142857142,0.07142857142857142,1.0,0.7857142857142857,1.0,0.5714285714285714,0.07142857142857142,0.07142857142857142,1.0
ENF,0.2857142857142857,0.2857142857142857,0.7857142857142857,1.0,0.7857142857142857,0.6428571428571429,0.2857142857142857,0.2857142857142857,0.7857142857142857
GUE/NGL,0.07142857142857142,0.07142857142857142,1.0,0.7857142857142857,1.0,0.5714285714285714,0.07142857142857142,0.07142857142857142,1.0
NI,0.10714285714285714,0.10714285714285714,0.5714285714285714,0.6428571428571429,0.5714285714285714,1.0,0.10714285714285714,0.10714285714285714,0.5714285714285714
PPE,1.0,1.0,0.07142857142857142,0.2857142857142857,0.07142857142857142,0.10714285714285714,1.0,1.0,0.07142857142857142
S&D,1.0,1.0,0.07142857142857142,0.2857142857142857,0.07142857142857142,0.10714285714285714,1.0,1.0,0.07142857142857142
Verts/ALE,0.07142857142857142,0.07142857142857142,1.0,0.7857142857142857,1.0,0.5714285714285714,0.07142857142857142,0.07142857142857142,1.0
