,ALDE,ECR,EFDD,ENF,GUE/NGL,NI,PPE,S&D,Verts/ALE
ALDE,1.0,0.9545454545454546,0.045454545454545456,0.07692307692307693,0.045454545454545456,0.22727272727272727,1.0,1.0,0.4090909090909091
ECR,0.9545454545454546,1.0,0.045454545454545456,0.07692307692307693,0.045454545454545456,0.18181818181818182,0.9545454545454546,0.9545454545454546,0.4090909090909091
EFDD,0.045454545454545456,0.045454545454545456,1.0,0.8461538461538461,0.7727272727272727,0.6363636363636364,0.045454545454545456,0.045454545454545456,0.2727272727272727
ENF,0.07692307692307693,0.07692307692307693,0.8461538461538461,1.0,0.6923076923076923,0.6923076923076923,0.07692307692307693,0.07692307692307693,0.15384615384615385
GUE/NGL,0.045454545454545456,0.045454545454545456,0.7727272727272727,0.6923076923076923,1.0,0.5909090909090909,0.045454545454545456,0.045454545454545456,0.3181818181818182
NI,0.22727272727272727,0.18181818181818182,0.6363636363636364,0.6923076923076923,0.5909090909090909,1.0,0.22727272727272727,0.22727272727272727,0.22727272727272727
PPE,1.0,0.9545454545454546,0.045454545454545456,0.07692307692307693,0.045454545454545456,0.22727272727272727,1.0,1.0,0.4090909090909091
S&D,1.0,0.9545454545454546,0.045454545454545456,0.07692307692307693,0.045454545454545456,0.22727272727272727,1.0,1.0,0.4090909090909091
Verts/ALE,0.4090909090909091,0.4090909090909091,0.2727272727272727,0.15384615384615385,0.3181818181818182,0.22727272727272727,0.4090909090909091,0.4090909090909091,1.0
