,ALDE,ECR,EFDD,GUE/NGL,NI,PPE,S&D,Verts/ALE
ALDE,1.0,0.9333333333333333,0.06666666666666667,0.1,0.8333333333333334,0.9333333333333333,0.1,0.1
ECR,0.9333333333333333,1.0,0.06666666666666667,0.03333333333333333,0.8,0.9666666666666667,0.03333333333333333,0.03333333333333333
EFDD,0.06666666666666667,0.06666666666666667,1.0,0.9666666666666667,0.03333333333333333,0.03333333333333333,0.9333333333333333,0.9333333333333333
GUE/NGL,0.1,0.03333333333333333,0.9666666666666667,1.0,0.03333333333333333,0.03333333333333333,0.9666666666666667,0.9666666666666667
NI,0.8333333333333334,0.8,0.03333333333333333,0.03333333333333333,1.0,0.8333333333333334,0.03333333333333333,0.03333333333333333
PPE,0.9333333333333333,0.9666666666666667,0.03333333333333333,0.03333333333333333,0.8333333333333334,1.0,0.03333333333333333,0.03333333333333333
S&D,0.1,0.03333333333333333,0.9333333333333333,0.9666666666666667,0.03333333333333333,0.03333333333333333,1.0,1.0
Verts/ALE,0.1,0.03333333333333333,0.9333333333333333,0.9666666666666667,0.03333333333333333,0.03333333333333333,1.0,1.0
