,ALDE,ECR,EFDD,ENF,GUE/NGL,NI,PPE,S&D,Verts/ALE
ALDE,1.0,0.7872340425531915,0.0851063829787234,0.0,0.0851063829787234,0.6808510638297872,0.9574468085106383,0.425531914893617,0.14893617021276595
ECR,0.7872340425531915,1.0,0.2127659574468085,0.35714285714285715,0.19148936170212766,0.7872340425531915,0.8085106382978723,0.2127659574468085,0.14893617021276595
EFDD,0.0851063829787234,0.2127659574468085,1.0,0.7142857142857143,0.9361702127659575,0.2127659574468085,0.06382978723404255,0.6382978723404256,0.8085106382978723
ENF,0.0,0.35714285714285715,0.7142857142857143,1.0,0.7857142857142857,0.5,0.0,0.0,0.5
GUE/NGL,0.0851063829787234,0.19148936170212766,0.9361702127659575,0.7857142857142857,1.0,0.2127659574468085,0.0425531914893617,0.6382978723404256,0.851063829787234
NI,0.6808510638297872,0.7872340425531915,0.2127659574468085,0.5,0.2127659574468085,1.0,0.6808510638297872,0.1702127659574468,0.1702127659574468
PPE,0.9574468085106383,0.8085106382978723,0.06382978723404255,0.0,0.0425531914893617,0.6808510638297872,1.0,0.3829787234042553,0.10638297872340426
S&D,0.425531914893617,0.2127659574468085,0.6382978723404256,0.0,0.6382978723404256,0.1702127659574468,0.3829787234042553,1.0,0.723404255319149
Verts/ALE,0.14893617021276595,0.14893617021276595,0.8085106382978723,0.5,0.851063829787234,0.1702127659574468,0.10638297872340426,0.723404255319149,1.0
