,ALDE,ECR,EFDD,ENF,GUE/NGL,NI,PPE,S&D,Verts/ALE
ALDE,1.0,0.5846921392066197,0.5182526162083232,0.25221872316060695,0.5155755658311024,0.3182850653038046,0.8302506692625943,0.8208809929423218,0.6357994645899245
ECR,0.5846921392066197,1.0,0.3857386225358968,0.4340108789006585,0.3565344366025797,0.4976068792082421,0.6429788269651984,0.49939157945972257,0.40277439766366513
EFDD,0.5182526162083232,0.3857386225358968,1.0,0.42456341253936447,0.7364322219518131,0.47919201752251156,0.444390362618642,0.6084205402774397,0.7311998053054272
ENF,0.25221872316060695,0.4340108789006585,0.42456341253936447,1.0,0.42141425708559976,0.6764004198873937,0.2918694531920985,0.26452905811623245,0.3551388491268251
GUE/NGL,0.5155755658311024,0.3565344366025797,0.7364322219518131,0.42141425708559976,1.0,0.47128255049890483,0.4317352153808713,0.6164516914091019,0.7613774641031881
NI,0.3182850653038046,0.4976068792082421,0.47919201752251156,0.6764004198873937,0.47128255049890483,1.0,0.3370649793137016,0.32647846191287416,0.4112517238581974
PPE,0.8302506692625943,0.6429788269651984,0.444390362618642,0.2918694531920985,0.4317352153808713,0.3370649793137016,1.0,0.767583353614018,0.5550012168410805
S&D,0.8208809929423218,0.49939157945972257,0.6084205402774397,0.26452905811623245,0.6164516914091019,0.32647846191287416,0.767583353614018,1.0,0.7402044293015332
Verts/ALE,0.6357994645899245,0.40277439766366513,0.7311998053054272,0.3551388491268251,0.7613774641031881,0.4112517238581974,0.5550012168410805,0.7402044293015332,1.0
